auxFraction,f1,precision,recall,targetFraction
0,0.07329598506069095,0.07329598506069095,0.07329598506069095,0
0,0.07376283846872082,0.07376283846872082,0.07376283846872082,0
0,0.09010270774976657,0.09010270774976657,0.09010270774976657,0
0,0.0196078431372549,0.0196078431372549,0.0196078431372549,0
0,0.04156936011209715,0.04156936011209715,0.04156936011209715,0
0,0.058823529411764705,0.058823529411764705,0.058823529411764705,0
0,0.06395891690009337,0.06395891690009337,0.06395891690009337,0
0,0.0480859010270775,0.0480859010270775,0.0480859010270775,0
0,0.0546218487394958,0.0546218487394958,0.0546218487394958,0
0,0.0541802895843064,0.0541802895843064,0.0541802895843064,0
0,0.06395891690009337,0.06395891690009337,0.06395891690009337,0
0,0.10737628384687208,0.10737628384687208,0.10737628384687208,0
0,0.036414565826330535,0.036414565826330535,0.036414565826330535,0
0,0.04855275443510738,0.04855275443510738,0.04855275443510738,0
0,0.06492293320878094,0.06492293320878094,0.06492293320878094,0
0,0.05228758169934641,0.05228758169934641,0.05228758169934641,0
0,0.0718954248366013,0.0718954248366013,0.0718954248366013,0
0,0.056489262371615306,0.05648926237161531,0.05648926237161531,0
0,0.049019607843137254,0.049019607843137254,0.049019607843137254,0
0,0.06725829051844932,0.06725829051844932,0.06725829051844932,0
0,0.08029878618113913,0.08029878618113913,0.08029878618113913,0
0,0.03454715219421102,0.03454715219421102,0.03454715219421102,0
0,0.0611577964519141,0.0611577964519141,0.0611577964519141,0
0,0.042483660130718956,0.042483660130718956,0.042483660130718956,0
0,0.13638486688463336,0.13638486688463336,0.13638486688463336,0
0,0.6489262371615313,0.6489262371615313,0.6489262371615313,0.2
0,0.6260504201680672,0.6260504201680672,0.6260504201680672,0.2
0,0.623249299719888,0.623249299719888,0.623249299719888,0.2
0,0.5336134453781513,0.5336134453781513,0.5336134453781513,0.2
0,0.6286781877627277,0.6286781877627277,0.6286781877627277,0.2
0,0.6409897292250234,0.6409897292250234,0.6409897292250234,0.2
0,0.6260504201680672,0.6260504201680672,0.6260504201680672,0.2
0,0.6199813258636788,0.6199813258636788,0.6199813258636788,0.2
0,0.5429505135387488,0.5429505135387488,0.5429505135387488,0.2
0,0.6160672582905184,0.6160672582905184,0.6160672582905184,0.2
0,0.6335200746965453,0.6335200746965453,0.6335200746965453,0.2
0,0.6479925303454716,0.6479925303454716,0.6479925303454716,0.2
0,0.6064425770308123,0.6064425770308123,0.6064425770308123,0.2
0,0.5219421101774043,0.5219421101774043,0.5219421101774043,0.2
0,0.6296123306865951,0.6296123306865951,0.6296123306865951,0.2
0,0.6409897292250234,0.6409897292250234,0.6409897292250234,0.2
0,0.6517273576097106,0.6517273576097106,0.6517273576097106,0.2
0,0.5938375350140056,0.5938375350140056,0.5938375350140056,0.2
0,0.5172735760971056,0.5172735760971056,0.5172735760971056,0.2
0,0.6370854740775339,0.6370854740775339,0.6370854740775339,0.2
0,0.6521942110177404,0.6521942110177404,0.6521942110177404,0.2
0,0.6274509803921569,0.6274509803921569,0.6274509803921569,0.2
0,0.6059757236227824,0.6059757236227824,0.6059757236227824,0.2
0,0.5322128851540616,0.5322128851540616,0.5322128851540616,0.2
0,0.6286781877627277,0.6286781877627277,0.6286781877627277,0.2
0,0.6895424836601307,0.6895424836601307,0.6895424836601307,0.4
0,0.680672268907563,0.680672268907563,0.680672268907563,0.4
0,0.6797385620915033,0.6797385620915033,0.6797385620915033,0.4
0,0.5625583566760037,0.5625583566760037,0.5625583566760037,0.4
0,0.6814572629612331,0.6814572629612331,0.6814572629612331,0.4
0,0.6727357609710551,0.6727357609710551,0.6727357609710551,0.4
0,0.6554621848739496,0.6554621848739496,0.6554621848739496,0.4
0,0.6760037348272643,0.6760037348272643,0.6760037348272643,0.4
0,0.5863678804855276,0.5863678804855276,0.5863678804855276,0.4
0,0.6879962634283046,0.6879962634283046,0.6879962634283046,0.4
0,0.6554621848739496,0.6554621848739496,0.6554621848739496,0.4
0,0.6792717086834734,0.6792717086834734,0.6792717086834734,0.4
0,0.6741363211951448,0.6741363211951448,0.6741363211951448,0.4
0,0.5756302521008403,0.5756302521008403,0.5756302521008403,0.4
0,0.6767865483418963,0.6767865483418963,0.6767865483418963,0.4
0,0.6788048552754435,0.6788048552754435,0.6788048552754435,0.4
0,0.6946778711484594,0.6946778711484594,0.6946778711484594,0.4
0,0.6755368814192344,0.6755368814192344,0.6755368814192344,0.4
0,0.5760971055088702,0.5760971055088702,0.5760971055088702,0.4
0,0.680056048575432,0.680056048575432,0.680056048575432,0.4
0,0.6867413632119514,0.6867413632119514,0.6867413632119514,0.4
0,0.6797385620915033,0.6797385620915033,0.6797385620915033,0.4
0,0.6834733893557423,0.6834733893557423,0.6834733893557423,0.4
0,0.5765639589169,0.5765639589169,0.5765639589169,0.4
0,0.6524988323213452,0.6524988323213452,0.6524988323213452,0.4
0,0.7063492063492064,0.7063492063492064,0.7063492063492064,0.6
0,0.7161531279178339,0.7161531279178338,0.7161531279178338,0.6
0,0.6970121381886087,0.6970121381886087,0.6970121381886087,0.6
0,0.6031746031746031,0.6031746031746031,0.6031746031746031,0.6
0,0.6931340495095749,0.6931340495095749,0.6931340495095749,0.6
0,0.6839402427637722,0.6839402427637722,0.6839402427637722,0.6
0,0.6853408029878618,0.6853408029878618,0.6853408029878618,0.6
0,0.6956115779645191,0.6956115779645191,0.6956115779645191,0.6
0,0.561624649859944,0.561624649859944,0.561624649859944,0.6
0,0.6968706212050444,0.6968706212050444,0.6968706212050444,0.6
0,0.7044817927170869,0.7044817927170869,0.7044817927170869,0.6
0,0.707749766573296,0.707749766573296,0.707749766573296,0.6
0,0.6946778711484594,0.6946778711484594,0.6946778711484594,0.6
0,0.6111111111111112,0.6111111111111112,0.6111111111111112,0.6
0,0.713218122372723,0.713218122372723,0.713218122372723,0.6
0,0.7082166199813258,0.7082166199813259,0.7082166199813259,0.6
0,0.7110177404295052,0.7110177404295052,0.7110177404295052,0.6
0,0.6918767507002801,0.6918767507002801,0.6918767507002801,0.6
0,0.5704948646125116,0.5704948646125116,0.5704948646125116,0.6
0,0.7164876226062588,0.7164876226062588,0.7164876226062588,0.6
0,0.6932773109243697,0.6932773109243697,0.6932773109243697,0.6
0,0.7217553688141923,0.7217553688141923,0.7217553688141923,0.6
0,0.6900093370681606,0.6900093370681606,0.6900093370681606,0.6
0,0.5882352941176471,0.5882352941176471,0.5882352941176471,0.6
0,0.710415693601121,0.710415693601121,0.710415693601121,0.6
0,0.7338935574229691,0.7338935574229691,0.7338935574229691,0.8
0,0.7198879551820728,0.7198879551820728,0.7198879551820728,0.8
0,0.7128851540616246,0.7128851540616247,0.7128851540616247,0.8
0,0.6027077497665733,0.6027077497665733,0.6027077497665733,0.8
0,0.7029425502101821,0.7029425502101821,0.7029425502101821,0.8
0,0.7035480859010271,0.7035480859010271,0.7035480859010271,0.8
0,0.7259570494864611,0.7259570494864612,0.7259570494864612,0.8
0,0.7226890756302521,0.7226890756302521,0.7226890756302521,0.8
0,0.611577964519141,0.611577964519141,0.611577964519141,0.8
0,0.7024754787482484,0.7024754787482484,0.7024754787482484,0.8
0,0.7175536881419234,0.7175536881419234,0.7175536881419234,0.8
0,0.718954248366013,0.7189542483660131,0.7189542483660131,0.8
0,0.7044817927170869,0.7044817927170869,0.7044817927170869,0.8
0,0.6209150326797386,0.6209150326797386,0.6209150326797386,0.8
0,0.7085474077533863,0.7085474077533863,0.7085474077533863,0.8
0,0.680672268907563,0.680672268907563,0.680672268907563,0.8
0,0.7124183006535948,0.7124183006535948,0.7124183006535948,0.8
0,0.7054154995331466,0.7054154995331466,0.7054154995331466,0.8
0,0.5915032679738562,0.5915032679738562,0.5915032679738562,0.8
0,0.6996730499766465,0.6996730499766465,0.6996730499766465,0.8
0,0.7278244631185807,0.7278244631185807,0.7278244631185807,0.8
0,0.7254901960784313,0.7254901960784313,0.7254901960784313,0.8
0,0.7119514472455649,0.7119514472455649,0.7119514472455649,0.8
0,0.6162464985994398,0.6162464985994398,0.6162464985994398,0.8
0,0.727697337692667,0.727697337692667,0.727697337692667,0.8
0,0.723622782446312,0.7236227824463118,0.7236227824463118,1.0
0,0.7287581699346405,0.7287581699346405,0.7287581699346405,1.0
0,0.7110177404295052,0.7110177404295052,0.7110177404295052,1.0
0,0.6013071895424836,0.6013071895424836,0.6013071895424836,1.0
0,0.717421765530126,0.7174217655301262,0.7174217655301262,1.0
0,0.7035480859010271,0.7035480859010271,0.7035480859010271,1.0
0,0.73062558356676,0.73062558356676,0.73062558356676,1.0
0,0.7170868347338936,0.7170868347338936,0.7170868347338936,1.0
0,0.6283846872082166,0.6283846872082166,0.6283846872082166,1.0
0,0.7211583372255955,0.7211583372255955,0.7211583372255955,1.0
0,0.7161531279178339,0.7161531279178338,0.7161531279178338,1.0
0,0.7474323062558357,0.7474323062558357,0.7474323062558357,1.0
0,0.7133520074696547,0.7133520074696545,0.7133520074696545,1.0
0,0.6125116713352008,0.6125116713352008,0.6125116713352008,1.0
0,0.7150864082204577,0.7150864082204578,0.7150864082204578,1.0
0,0.723622782446312,0.7236227824463118,0.7236227824463118,1.0
0,0.7492997198879553,0.7492997198879552,0.7492997198879552,1.0
0,0.7203548085901027,0.7203548085901027,0.7203548085901027,1.0
0,0.6227824463118581,0.6227824463118581,0.6227824463118581,1.0
0,0.7216254086875293,0.7216254086875292,0.7216254086875292,1.0
0,0.7198879551820728,0.7198879551820728,0.7198879551820728,1.0
0,0.718954248366013,0.7189542483660131,0.7189542483660131,1.0
0,0.7021475256769374,0.7021475256769374,0.7021475256769374,1.0
0,0.6265172735760971,0.6265172735760971,0.6265172735760971,1.0
0,0.733302195235871,0.733302195235871,0.733302195235871,1.0
0.2,0.10784313725490197,0.10784313725490197,0.10784313725490197,0
0.2,0.01727357609710551,0.01727357609710551,0.01727357609710551,0
0.2,0.041549953314659195,0.041549953314659195,0.041549953314659195,0
0.2,0.03034547152194211,0.03034547152194211,0.03034547152194211,0
0.2,0.015413358243811303,0.015413358243811303,0.015413358243811303,0
0.2,0.05555555555555555,0.05555555555555555,0.05555555555555555,0
0.2,0.06582633053221289,0.06582633053221289,0.06582633053221289,0
0.2,0.05182072829131653,0.05182072829131653,0.05182072829131653,0
0.2,0.10597572362278244,0.10597572362278244,0.10597572362278244,0
0.2,0.0733302195235871,0.0733302195235871,0.0733302195235871,0
0.2,0.008870214752567693,0.008870214752567693,0.008870214752567693,0
0.2,0.036414565826330535,0.036414565826330535,0.036414565826330535,0
0.2,0.07749766573295985,0.07749766573295985,0.07749766573295985,0
0.2,0.051353874883286646,0.051353874883286646,0.051353874883286646,0
0.2,0.01681457262961233,0.01681457262961233,0.01681457262961233,0
0.2,0.034080298786181136,0.034080298786181136,0.034080298786181136,0
0.2,0.021475256769374416,0.021475256769374416,0.021475256769374416,0
0.2,0.0742296918767507,0.0742296918767507,0.0742296918767507,0
0.2,0.014005602240896359,0.014005602240896359,0.014005602240896359,0
0.2,0.03829985987856142,0.03829985987856142,0.03829985987856142,0
0.2,0.00046685340802987864,0.00046685340802987864,0.00046685340802987864,0
0.2,0.12184873949579832,0.12184873949579832,0.12184873949579832,0
0.2,0.08356676003734827,0.08356676003734827,0.08356676003734827,0
0.2,0.05182072829131653,0.05182072829131653,0.05182072829131653,0
0.2,0.02241943017281644,0.022419430172816442,0.022419430172816442,0
0.2,0.6395891690009337,0.6395891690009337,0.6395891690009337,0.2
0.2,0.65406162464986,0.65406162464986,0.65406162464986,0.2
0.2,0.638188608776844,0.638188608776844,0.638188608776844,0.2
0.2,0.53828197945845,0.53828197945845,0.53828197945845,0.2
0.2,0.6380196170014012,0.6380196170014012,0.6380196170014012,0.2
0.2,0.6517273576097106,0.6517273576097106,0.6517273576097106,0.2
0.2,0.6409897292250234,0.6409897292250234,0.6409897292250234,0.2
0.2,0.6237161531279178,0.6237161531279178,0.6237161531279178,0.2
0.2,0.5340802987861811,0.5340802987861811,0.5340802987861811,0.2
0.2,0.6324147594581971,0.6324147594581971,0.6324147594581971,0.2
0.2,0.6297852474323062,0.6297852474323062,0.6297852474323062,0.2
0.2,0.626984126984127,0.626984126984127,0.626984126984127,0.2
0.2,0.6391223155929038,0.6391223155929038,0.6391223155929038,0.2
0.2,0.5014005602240896,0.5014005602240896,0.5014005602240896,0.2
0.2,0.6226062587575899,0.6226062587575899,0.6226062587575899,0.2
0.2,0.6330532212885154,0.6330532212885154,0.6330532212885154,0.2
0.2,0.6041083099906629,0.6041083099906629,0.6041083099906629,0.2
0.2,0.6055088702147525,0.6055088702147525,0.6055088702147525,0.2
0.2,0.5144724556489262,0.5144724556489262,0.5144724556489262,0.2
0.2,0.6375525455394675,0.6375525455394675,0.6375525455394675,0.2
0.2,0.6428571428571429,0.6428571428571429,0.6428571428571429,0.2
0.2,0.6442577030812325,0.6442577030812325,0.6442577030812325,0.2
0.2,0.6157796451914099,0.6157796451914099,0.6157796451914099,0.2
0.2,0.5168067226890757,0.5168067226890757,0.5168067226890757,0.2
0.2,0.6165343297524521,0.6165343297524521,0.6165343297524521,0.2
0.2,0.669000933706816,0.669000933706816,0.669000933706816,0.4
0.2,0.6858076563958917,0.6858076563958917,0.6858076563958917,0.4
0.2,0.6582633053221288,0.6582633053221288,0.6582633053221288,0.4
0.2,0.5396825396825397,0.5396825396825397,0.5396825396825397,0.4
0.2,0.694535263895376,0.694535263895376,0.694535263895376,0.4
0.2,0.6876750700280112,0.6876750700280112,0.6876750700280112,0.4
0.2,0.69234360410831,0.69234360410831,0.69234360410831,0.4
0.2,0.6722689075630253,0.6722689075630253,0.6722689075630253,0.4
0.2,0.5476190476190477,0.5476190476190477,0.5476190476190477,0.4
0.2,0.6819243344231667,0.6819243344231667,0.6819243344231667,0.4
0.2,0.6862745098039216,0.6862745098039216,0.6862745098039216,0.4
0.2,0.6909430438842203,0.6909430438842203,0.6909430438842203,0.4
0.2,0.6755368814192344,0.6755368814192344,0.6755368814192344,0.4
0.2,0.5793650793650794,0.5793650793650794,0.5793650793650794,0.4
0.2,0.6781877627276973,0.6781877627276973,0.6781877627276973,0.4
0.2,0.673202614379085,0.673202614379085,0.673202614379085,0.4
0.2,0.7175536881419234,0.7175536881419234,0.7175536881419234,0.4
0.2,0.6970121381886087,0.6970121381886087,0.6970121381886087,0.4
0.2,0.5732959850606909,0.5732959850606909,0.5732959850606909,0.4
0.2,0.6819243344231667,0.6819243344231667,0.6819243344231667,0.4
0.2,0.6825396825396826,0.6825396825396826,0.6825396825396826,0.4
0.2,0.6834733893557423,0.6834733893557423,0.6834733893557423,0.4
0.2,0.6788048552754435,0.6788048552754435,0.6788048552754435,0.4
0.2,0.565359477124183,0.565359477124183,0.565359477124183,0.4
0.2,0.6917328351237739,0.6917328351237739,0.6917328351237739,0.4
0.2,0.7054154995331466,0.7054154995331466,0.7054154995331466,0.6
0.2,0.7128851540616246,0.7128851540616247,0.7128851540616247,0.6
0.2,0.7012138188608776,0.7012138188608776,0.7012138188608776,0.6
0.2,0.6106442577030813,0.6106442577030813,0.6106442577030813,0.6
0.2,0.678654834189631,0.678654834189631,0.678654834189631,0.6
0.2,0.7180205415499533,0.7180205415499533,0.7180205415499533,0.6
0.2,0.734827264239029,0.734827264239029,0.734827264239029,0.6
0.2,0.6904761904761905,0.6904761904761905,0.6904761904761905,0.6
0.2,0.6013071895424836,0.6013071895424836,0.6013071895424836,0.6
0.2,0.6861279775805699,0.6861279775805699,0.6861279775805699,0.6
0.2,0.715219421101774,0.715219421101774,0.715219421101774,0.6
0.2,0.7254901960784313,0.7254901960784313,0.7254901960784313,0.6
0.2,0.6984126984126984,0.6984126984126984,0.6984126984126984,0.6
0.2,0.5686274509803921,0.5686274509803921,0.5686274509803921,0.6
0.2,0.6763194768799626,0.6763194768799626,0.6763194768799626,0.6
0.2,0.6942110177404295,0.6942110177404295,0.6942110177404295,0.6
0.2,0.7054154995331466,0.7054154995331466,0.7054154995331466,0.6
0.2,0.6774042950513539,0.6774042950513539,0.6774042950513539,0.6
0.2,0.5882352941176471,0.5882352941176471,0.5882352941176471,0.6
0.2,0.6917328351237739,0.6917328351237739,0.6917328351237739,0.6
0.2,0.6993464052287581,0.6993464052287581,0.6993464052287581,0.6
0.2,0.7105508870214752,0.7105508870214753,0.7105508870214753,0.6
0.2,0.7086834733893558,0.7086834733893558,0.7086834733893558,0.6
0.2,0.580765639589169,0.580765639589169,0.580765639589169,0.6
0.2,0.7127510509107894,0.7127510509107894,0.7127510509107894,0.6
0.2,0.7254901960784313,0.7254901960784313,0.7254901960784313,0.8
0.2,0.7058823529411765,0.7058823529411765,0.7058823529411765,0.8
0.2,0.6984126984126984,0.6984126984126984,0.6984126984126984,0.8
0.2,0.6129785247432307,0.6129785247432307,0.6129785247432307,0.8
0.2,0.7155534796823914,0.7155534796823914,0.7155534796823914,0.8
0.2,0.7142857142857143,0.7142857142857143,0.7142857142857143,0.8
0.2,0.7380952380952381,0.7380952380952381,0.7380952380952381,0.8
0.2,0.7044817927170869,0.7044817927170869,0.7044817927170869,0.8
0.2,0.6087768440709617,0.6087768440709617,0.6087768440709617,0.8
0.2,0.7188229799159271,0.7188229799159271,0.7188229799159271,0.8
0.2,0.699813258636788,0.699813258636788,0.699813258636788,0.8
0.2,0.7390289449112979,0.7390289449112979,0.7390289449112979,0.8
0.2,0.7021475256769374,0.7021475256769374,0.7021475256769374,0.8
0.2,0.5863678804855276,0.5863678804855276,0.5863678804855276,0.8
0.2,0.7160205511443251,0.7160205511443251,0.7160205511443251,0.8
0.2,0.7063492063492064,0.7063492063492064,0.7063492063492064,0.8
0.2,0.7049486461251168,0.7049486461251168,0.7049486461251168,0.8
0.2,0.6872082166199813,0.6872082166199813,0.6872082166199813,0.8
0.2,0.5989729225023342,0.5989729225023342,0.5989729225023342,0.8
0.2,0.7127510509107894,0.7127510509107894,0.7127510509107894,0.8
0.2,0.7110177404295052,0.7110177404295052,0.7110177404295052,0.8
0.2,0.715219421101774,0.715219421101774,0.715219421101774,0.8
0.2,0.6970121381886087,0.6970121381886087,0.6970121381886087,0.8
0.2,0.5966386554621849,0.5966386554621849,0.5966386554621849,0.8
0.2,0.7066791219056515,0.7066791219056515,0.7066791219056515,0.8
0.2,0.7250233426704016,0.7250233426704015,0.7250233426704015,1.0
0.2,0.7329598506069093,0.7329598506069094,0.7329598506069094,1.0
0.2,0.7054154995331466,0.7054154995331466,0.7054154995331466,1.0
0.2,0.6097105508870215,0.6097105508870215,0.6097105508870215,1.0
0.2,0.7020084072863149,0.7020084072863149,0.7020084072863149,1.0
0.2,0.7166199813258637,0.7166199813258637,0.7166199813258637,1.0
0.2,0.7222222222222222,0.7222222222222222,0.7222222222222222,1.0
0.2,0.7175536881419234,0.7175536881419234,0.7175536881419234,1.0
0.2,0.6241830065359477,0.6241830065359477,0.6241830065359477,1.0
0.2,0.729098552078468,0.729098552078468,0.729098552078468,1.0
0.2,0.734827264239029,0.734827264239029,0.734827264239029,1.0
0.2,0.7469654528478059,0.7469654528478058,0.7469654528478058,1.0
0.2,0.7086834733893558,0.7086834733893558,0.7086834733893558,1.0
0.2,0.6055088702147525,0.6055088702147525,0.6055088702147525,1.0
0.2,0.7375058383932741,0.7375058383932742,0.7375058383932742,1.0
0.2,0.7226890756302521,0.7226890756302521,0.7226890756302521,1.0
0.2,0.7310924369747899,0.7310924369747899,0.7310924369747899,1.0
0.2,0.7147525676937441,0.7147525676937442,0.7147525676937442,1.0
0.2,0.6064425770308123,0.6064425770308123,0.6064425770308123,1.0
0.2,0.695936478281177,0.695936478281177,0.695936478281177,1.0
0.2,0.723622782446312,0.7236227824463118,0.7236227824463118,1.0
0.2,0.7142857142857143,0.7142857142857143,0.7142857142857143,1.0
0.2,0.7110177404295052,0.7110177404295052,0.7110177404295052,1.0
0.2,0.6078431372549019,0.6078431372549019,0.6078431372549019,1.0
0.2,0.7099486221391872,0.7099486221391873,0.7099486221391873,1.0
0.4,0.020074696545284782,0.020074696545284782,0.020074696545284782,0
0.4,0.07236227824463119,0.07236227824463119,0.07236227824463119,0
0.4,0.012138188608776844,0.012138188608776844,0.012138188608776844,0
0.4,0.034080298786181136,0.034080298786181136,0.034080298786181136,0
0.4,0.03503035964502569,0.03503035964502569,0.03503035964502569,0
0.4,0.0546218487394958,0.0546218487394958,0.0546218487394958,0
0.4,0.020074696545284782,0.020074696545284782,0.020074696545284782,0
0.4,0.05788982259570495,0.05788982259570495,0.05788982259570495,0
0.4,0.046218487394957986,0.046218487394957986,0.046218487394957986,0
0.4,0.018682858477347034,0.018682858477347034,0.018682858477347034,0
0.4,0.09103641456582634,0.09103641456582633,0.09103641456582633,0
0.4,0.06722689075630252,0.06722689075630252,0.06722689075630252,0
0.4,0.014472455648926238,0.014472455648926238,0.014472455648926238,0
0.4,0.041549953314659195,0.041549953314659195,0.041549953314659195,0
0.4,0.04857543204110228,0.04857543204110229,0.04857543204110229,0
0.4,0.06489262371615313,0.06489262371615313,0.06489262371615313,0
0.4,0.08356676003734827,0.08356676003734827,0.08356676003734827,0
0.4,0.06676003734827264,0.06676003734827264,0.06676003734827264,0
0.4,0.07096171802054155,0.07096171802054155,0.07096171802054155,0
0.4,0.018682858477347034,0.018682858477347034,0.018682858477347034,0
0.4,0.046218487394957986,0.046218487394957986,0.046218487394957986,0
0.4,0.0742296918767507,0.0742296918767507,0.0742296918767507,0
0.4,0.01727357609710551,0.01727357609710551,0.01727357609710551,0
0.4,0.0457516339869281,0.0457516339869281,0.0457516339869281,0
0.4,0.0425035030359645,0.0425035030359645,0.0425035030359645,0
0.4,0.6349206349206349,0.6349206349206349,0.6349206349206349,0.2
0.4,0.6405228758169934,0.6405228758169934,0.6405228758169934,0.2
0.4,0.6335200746965453,0.6335200746965453,0.6335200746965453,0.2
0.4,0.511204481792717,0.511204481792717,0.511204481792717,0.2
0.4,0.6398879028491359,0.6398879028491359,0.6398879028491359,0.2
0.4,0.6521942110177404,0.6521942110177404,0.6521942110177404,0.2
0.4,0.6493930905695612,0.6493930905695612,0.6493930905695612,0.2
0.4,0.6237161531279178,0.6237161531279178,0.6237161531279178,0.2
0.4,0.5317460317460317,0.5317460317460317,0.5317460317460317,0.2
0.4,0.6342830453059318,0.6342830453059318,0.6342830453059318,0.2
0.4,0.6419234360410832,0.6419234360410832,0.6419234360410832,0.2
0.4,0.6610644257703081,0.6610644257703081,0.6610644257703081,0.2
0.4,0.6237161531279178,0.6237161531279178,0.6237161531279178,0.2
0.4,0.5228758169934641,0.5228758169934641,0.5228758169934641,0.2
0.4,0.6286781877627277,0.6286781877627277,0.6286781877627277,0.2
0.4,0.6251167133520075,0.6251167133520075,0.6251167133520075,0.2
0.4,0.6442577030812325,0.6442577030812325,0.6442577030812325,0.2
0.4,0.6335200746965453,0.6335200746965453,0.6335200746965453,0.2
0.4,0.5168067226890757,0.5168067226890757,0.5168067226890757,0.2
0.4,0.6328818309201307,0.6328818309201307,0.6328818309201307,0.2
0.4,0.6237161531279178,0.6237161531279178,0.6237161531279178,0.2
0.4,0.6568627450980392,0.6568627450980392,0.6568627450980392,0.2
0.4,0.6171802054154996,0.6171802054154996,0.6171802054154996,0.2
0.4,0.5079365079365079,0.5079365079365079,0.5079365079365079,0.2
0.4,0.6436244745446054,0.6436244745446054,0.6436244745446054,0.2
0.4,0.6820728291316527,0.6820728291316527,0.6820728291316527,0.4
0.4,0.6909430438842203,0.6909430438842203,0.6909430438842203,0.4
0.4,0.680672268907563,0.680672268907563,0.680672268907563,0.4
0.4,0.554154995331466,0.554154995331466,0.554154995331466,0.4
0.4,0.6870621205044372,0.6870621205044372,0.6870621205044372,0.4
0.4,0.6876750700280112,0.6876750700280112,0.6876750700280112,0.4
0.4,0.7091503267973857,0.7091503267973857,0.7091503267973857,0.4
0.4,0.6699346405228758,0.6699346405228758,0.6699346405228758,0.4
0.4,0.5840336134453782,0.5840336134453782,0.5840336134453782,0.4
0.4,0.6819243344231667,0.6819243344231667,0.6819243344231667,0.4
0.4,0.6820728291316527,0.6820728291316527,0.6820728291316527,0.4
0.4,0.7161531279178339,0.7161531279178338,0.7161531279178338,0.4
0.4,0.6647992530345471,0.6647992530345471,0.6647992530345471,0.4
0.4,0.5648926237161531,0.5648926237161531,0.5648926237161531,0.4
0.4,0.6950023353573097,0.6950023353573097,0.6950023353573097,0.4
0.4,0.6853408029878618,0.6853408029878618,0.6853408029878618,0.4
0.4,0.7016806722689075,0.7016806722689075,0.7016806722689075,0.4
0.4,0.6862745098039216,0.6862745098039216,0.6862745098039216,0.4
0.4,0.5672268907563025,0.5672268907563025,0.5672268907563025,0.4
0.4,0.6637085474077534,0.6637085474077534,0.6637085474077534,0.4
0.4,0.6736694677871149,0.6736694677871149,0.6736694677871149,0.4
0.4,0.6900093370681606,0.6900093370681606,0.6900093370681606,0.4
0.4,0.6881419234360411,0.6881419234360411,0.6881419234360411,0.4
0.4,0.5774976657329598,0.5774976657329598,0.5774976657329598,0.4
0.4,0.6814572629612331,0.6814572629612331,0.6814572629612331,0.4
0.4,0.6881419234360411,0.6881419234360411,0.6881419234360411,0.6
0.4,0.7217553688141923,0.7217553688141923,0.7217553688141923,0.6
0.4,0.6951447245564892,0.6951447245564892,0.6951447245564892,0.6
0.4,0.5830999066293184,0.5830999066293184,0.5830999066293184,0.6
0.4,0.7076132648295189,0.7076132648295189,0.7076132648295189,0.6
0.4,0.7091503267973857,0.7091503267973857,0.7091503267973857,0.6
0.4,0.7142857142857143,0.7142857142857143,0.7142857142857143,0.6
0.4,0.6937441643323996,0.6937441643323996,0.6937441643323996,0.6
0.4,0.6120448179271709,0.6120448179271709,0.6120448179271709,0.6
0.4,0.6893974778141055,0.6893974778141055,0.6893974778141055,0.6
0.4,0.7016806722689075,0.7016806722689075,0.7016806722689075,0.6
0.4,0.7142857142857143,0.7142857142857143,0.7142857142857143,0.6
0.4,0.6979458450046685,0.6979458450046685,0.6979458450046685,0.6
0.4,0.6050420168067226,0.6050420168067226,0.6050420168067226,0.6
0.4,0.6917328351237739,0.6917328351237739,0.6917328351237739,0.6
0.4,0.704014939309057,0.704014939309057,0.704014939309057,0.6
0.4,0.696078431372549,0.696078431372549,0.696078431372549,0.6
0.4,0.7054154995331466,0.7054154995331466,0.7054154995331466,0.6
0.4,0.5873015873015873,0.5873015873015873,0.5873015873015873,0.6
0.4,0.6954694068192433,0.6954694068192433,0.6954694068192433,0.6
0.4,0.7007469654528478,0.7007469654528478,0.7007469654528478,0.6
0.4,0.7240896358543417,0.7240896358543417,0.7240896358543417,0.6
0.4,0.7016806722689075,0.7016806722689075,0.7016806722689075,0.6
0.4,0.6083099906629318,0.6083099906629318,0.6083099906629318,0.6
0.4,0.711816907986922,0.711816907986922,0.711816907986922,0.6
0.4,0.704014939309057,0.704014939309057,0.704014939309057,0.8
0.4,0.7315592903828197,0.7315592903828197,0.7315592903828197,0.8
0.4,0.7254901960784313,0.7254901960784313,0.7254901960784313,0.8
0.4,0.5938375350140056,0.5938375350140056,0.5938375350140056,0.8
0.4,0.7034096216721158,0.7034096216721158,0.7034096216721158,0.8
0.4,0.7105508870214752,0.7105508870214753,0.7105508870214753,0.8
0.4,0.7273576097105509,0.7273576097105509,0.7273576097105509,0.8
0.4,0.7147525676937441,0.7147525676937442,0.7147525676937442,0.8
0.4,0.592436974789916,0.592436974789916,0.592436974789916,0.8
0.4,0.7146193367585241,0.7146193367585241,0.7146193367585241,0.8
0.4,0.7082166199813258,0.7082166199813259,0.7082166199813259,0.8
0.4,0.7222222222222222,0.7222222222222222,0.7222222222222222,0.8
0.4,0.7068160597572363,0.7068160597572363,0.7068160597572363,0.8
0.4,0.5826330532212886,0.5826330532212886,0.5826330532212886,0.8
0.4,0.7220924801494629,0.7220924801494629,0.7220924801494629,0.8
0.4,0.7012138188608776,0.7012138188608776,0.7012138188608776,0.8
0.4,0.7315592903828197,0.7315592903828197,0.7315592903828197,0.8
0.4,0.6956115779645191,0.6956115779645191,0.6956115779645191,0.8
0.4,0.6199813258636788,0.6199813258636788,0.6199813258636788,0.8
0.4,0.7071461933675852,0.7071461933675852,0.7071461933675852,0.8
0.4,0.7240896358543417,0.7240896358543417,0.7240896358543417,0.8
0.4,0.7147525676937441,0.7147525676937442,0.7147525676937442,0.8
0.4,0.6993464052287581,0.6993464052287581,0.6993464052287581,0.8
0.4,0.5966386554621849,0.5966386554621849,0.5966386554621849,0.8
0.4,0.6912657636618402,0.6912657636618402,0.6912657636618402,0.8
0.4,0.742296918767507,0.742296918767507,0.742296918767507,1.0
0.4,0.7147525676937441,0.7147525676937442,0.7147525676937442,1.0
0.4,0.7086834733893558,0.7086834733893558,0.7086834733893558,1.0
0.4,0.6204481792717087,0.6204481792717087,0.6204481792717087,1.0
0.4,0.7202241943017281,0.7202241943017281,0.7202241943017281,1.0
0.4,0.735294117647059,0.7352941176470589,0.7352941176470589,1.0
0.4,0.7329598506069093,0.7329598506069094,0.7329598506069094,1.0
0.4,0.7110177404295052,0.7110177404295052,0.7110177404295052,1.0
0.4,0.6111111111111112,0.6111111111111112,0.6111111111111112,1.0
0.4,0.7080803362914525,0.7080803362914526,0.7080803362914526,1.0
0.4,0.7091503267973857,0.7091503267973857,0.7091503267973857,1.0
0.4,0.7180205415499533,0.7180205415499533,0.7180205415499533,1.0
0.4,0.707749766573296,0.707749766573296,0.707749766573296,1.0
0.4,0.6078431372549019,0.6078431372549019,0.6078431372549019,1.0
0.4,0.6856609061186362,0.6856609061186362,0.6856609061186362,1.0
0.4,0.7264239028944911,0.7264239028944911,0.7264239028944911,1.0
0.4,0.7259570494864611,0.7259570494864612,0.7259570494864612,1.0
0.4,0.6988795518207283,0.6988795518207283,0.6988795518207283,1.0
0.4,0.6125116713352008,0.6125116713352008,0.6125116713352008,1.0
0.4,0.7309668379262028,0.7309668379262028,0.7309668379262028,1.0
0.4,0.7310924369747899,0.7310924369747899,0.7310924369747899,1.0
0.4,0.7208216619981326,0.7208216619981326,0.7208216619981326,1.0
0.4,0.7147525676937441,0.7147525676937442,0.7147525676937442,1.0
0.4,0.6087768440709617,0.6087768440709617,0.6087768440709617,1.0
0.4,0.710415693601121,0.710415693601121,0.710415693601121,1.0
0.6,0.020074696545284782,0.020074696545284782,0.020074696545284782,0
0.6,0.05555555555555555,0.05555555555555555,0.05555555555555555,0
0.6,0.08543417366946779,0.08543417366946779,0.08543417366946779,0
0.6,0.21148459383753498,0.211484593837535,0.211484593837535,0
0.6,0.04156936011209715,0.04156936011209715,0.04156936011209715,0
0.6,0.058823529411764705,0.058823529411764705,0.058823529411764705,0
0.6,0.029411764705882353,0.029411764705882353,0.029411764705882353,0
0.6,0.015873015873015872,0.015873015873015872,0.015873015873015872,0
0.6,0.028011204481792718,0.028011204481792718,0.028011204481792718,0
0.6,0.017281644091546006,0.017281644091546006,0.017281644091546006,0
0.6,0.07563025210084033,0.07563025210084033,0.07563025210084033,0
0.6,0.05742296918767507,0.05742296918767507,0.05742296918767507,0
0.6,0.04295051353874883,0.04295051353874883,0.04295051353874883,0
0.6,0.04715219421101774,0.04715219421101774,0.04715219421101774,0
0.6,0.08547407753386269,0.08547407753386269,0.08547407753386269,0
0.6,0.05835667600373483,0.05835667600373483,0.05835667600373483,0
0.6,0.02054154995331466,0.02054154995331466,0.02054154995331466,0
0.6,0.07469654528478058,0.07469654528478058,0.07469654528478058,0
0.6,0.056022408963585436,0.056022408963585436,0.056022408963585436,0
0.6,0.036898645492760396,0.036898645492760396,0.036898645492760396,0
0.6,0.03221288515406162,0.03221288515406162,0.03221288515406162,0
0.6,0.09383753501400562,0.0938375350140056,0.0938375350140056,0
0.6,0.13071895424836602,0.13071895424836602,0.13071895424836602,0
0.6,0.05368814192343604,0.05368814192343604,0.05368814192343604,0
0.6,0.07286314806165343,0.07286314806165343,0.07286314806165343,0
0.6,0.6419234360410832,0.6419234360410832,0.6419234360410832,0.2
0.6,0.65406162464986,0.65406162464986,0.65406162464986,0.2
0.6,0.6190476190476191,0.6190476190476191,0.6190476190476191,0.2
0.6,0.523342670401494,0.523342670401494,0.523342670401494,0.2
0.6,0.6324147594581971,0.6324147594581971,0.6324147594581971,0.2
0.6,0.6330532212885154,0.6330532212885154,0.6330532212885154,0.2
0.6,0.6372549019607843,0.6372549019607843,0.6372549019607843,0.2
0.6,0.6456582633053222,0.6456582633053222,0.6456582633053222,0.2
0.6,0.5359477124183006,0.5359477124183006,0.5359477124183006,0.2
0.6,0.6422232601588043,0.6422232601588043,0.6422232601588043,0.2
0.6,0.6377217553688141,0.6377217553688141,0.6377217553688141,0.2
0.6,0.646125116713352,0.646125116713352,0.646125116713352,0.2
0.6,0.6409897292250234,0.6409897292250234,0.6409897292250234,0.2
0.6,0.5186741363211952,0.5186741363211952,0.5186741363211952,0.2
0.6,0.5857076132648296,0.5857076132648296,0.5857076132648296,0.2
0.6,0.6442577030812325,0.6442577030812325,0.6442577030812325,0.2
0.6,0.634453781512605,0.634453781512605,0.634453781512605,0.2
0.6,0.6190476190476191,0.6190476190476191,0.6190476190476191,0.2
0.6,0.5298786181139122,0.5298786181139122,0.5298786181139122,0.2
0.6,0.6263428304530593,0.6263428304530593,0.6263428304530593,0.2
0.6,0.6503267973856209,0.6503267973856209,0.6503267973856209,0.2
0.6,0.6591970121381886,0.6591970121381886,0.6591970121381886,0.2
0.6,0.6125116713352008,0.6125116713352008,0.6125116713352008,0.2
0.6,0.5242763772175537,0.5242763772175537,0.5242763772175537,0.2
0.6,0.6202709014479215,0.6202709014479215,0.6202709014479215,0.2
0.6,0.676937441643324,0.676937441643324,0.676937441643324,0.4
0.6,0.6741363211951448,0.6741363211951448,0.6741363211951448,0.4
0.6,0.6727357609710551,0.6727357609710551,0.6727357609710551,0.4
0.6,0.5532212885154062,0.5532212885154062,0.5532212885154062,0.4
0.6,0.6926669780476413,0.6926669780476413,0.6926669780476413,0.4
0.6,0.6746031746031746,0.6746031746031746,0.6746031746031746,0.4
0.6,0.673202614379085,0.673202614379085,0.673202614379085,0.4
0.6,0.6647992530345471,0.6647992530345471,0.6647992530345471,0.4
0.6,0.5849673202614379,0.5849673202614379,0.5849673202614379,0.4
0.6,0.6898645492760392,0.6898645492760392,0.6898645492760392,0.4
0.6,0.6890756302521008,0.6890756302521008,0.6890756302521008,0.4
0.6,0.6900093370681606,0.6900093370681606,0.6900093370681606,0.4
0.6,0.6853408029878618,0.6853408029878618,0.6853408029878618,0.4
0.6,0.5760971055088702,0.5760971055088702,0.5760971055088702,0.4
0.6,0.6964035497431107,0.6964035497431107,0.6964035497431107,0.4
0.6,0.6657329598506069,0.6657329598506069,0.6657329598506069,0.4
0.6,0.6605975723622782,0.6605975723622782,0.6605975723622782,0.4
0.6,0.6900093370681606,0.6900093370681606,0.6900093370681606,0.4
0.6,0.5774976657329598,0.5774976657329598,0.5774976657329598,0.4
0.6,0.6847267631947688,0.6847267631947688,0.6847267631947688,0.4
0.6,0.6918767507002801,0.6918767507002801,0.6918767507002801,0.4
0.6,0.7058823529411765,0.7058823529411765,0.7058823529411765,0.4
0.6,0.6587301587301587,0.6587301587301587,0.6587301587301587,0.4
0.6,0.5560224089635855,0.5560224089635855,0.5560224089635855,0.4
0.6,0.6893974778141055,0.6893974778141055,0.6893974778141055,0.4
0.6,0.6914098972922502,0.6914098972922502,0.6914098972922502,0.6
0.6,0.7110177404295052,0.7110177404295052,0.7110177404295052,0.6
0.6,0.6984126984126984,0.6984126984126984,0.6984126984126984,0.6
0.6,0.5784313725490197,0.5784313725490197,0.5784313725490197,0.6
0.6,0.6936011209715086,0.6936011209715086,0.6936011209715086,0.6
0.6,0.680672268907563,0.680672268907563,0.680672268907563,0.6
0.6,0.7124183006535948,0.7124183006535948,0.7124183006535948,0.6
0.6,0.6932773109243697,0.6932773109243697,0.6932773109243697,0.6
0.6,0.5788982259570495,0.5788982259570495,0.5788982259570495,0.6
0.6,0.6912657636618402,0.6912657636618402,0.6912657636618402,0.6
0.6,0.715219421101774,0.715219421101774,0.715219421101774,0.6
0.6,0.7142857142857143,0.7142857142857143,0.7142857142857143,0.6
0.6,0.6909430438842203,0.6909430438842203,0.6909430438842203,0.6
0.6,0.5802987861811392,0.5802987861811392,0.5802987861811392,0.6
0.6,0.6870621205044372,0.6870621205044372,0.6870621205044372,0.6
0.6,0.7128851540616246,0.7128851540616247,0.7128851540616247,0.6
0.6,0.715219421101774,0.715219421101774,0.715219421101774,0.6
0.6,0.6755368814192344,0.6755368814192344,0.6755368814192344,0.6
0.6,0.6055088702147525,0.6055088702147525,0.6055088702147525,0.6
0.6,0.7202241943017281,0.7202241943017281,0.7202241943017281,0.6
0.6,0.7119514472455649,0.7119514472455649,0.7119514472455649,0.6
0.6,0.7044817927170869,0.7044817927170869,0.7044817927170869,0.6
0.6,0.6825396825396826,0.6825396825396826,0.6825396825396826,0.6
0.6,0.5989729225023342,0.5989729225023342,0.5989729225023342,0.6
0.6,0.7010742643624475,0.7010742643624475,0.7010742643624475,0.6
0.6,0.7301587301587301,0.7301587301587301,0.7301587301587301,0.8
0.6,0.7301587301587301,0.7301587301587301,0.7301587301587301,0.8
0.6,0.7012138188608776,0.7012138188608776,0.7012138188608776,0.8
0.6,0.603641456582633,0.603641456582633,0.603641456582633,0.8
0.6,0.7127510509107894,0.7127510509107894,0.7127510509107894,0.8
0.6,0.7138188608776844,0.7138188608776844,0.7138188608776844,0.8
0.6,0.7180205415499533,0.7180205415499533,0.7180205415499533,0.8
0.6,0.7035480859010271,0.7035480859010271,0.7035480859010271,0.8
0.6,0.5873015873015873,0.5873015873015873,0.5873015873015873,0.8
0.6,0.7094815506772535,0.7094815506772536,0.7094815506772536,0.8
0.6,0.7063492063492064,0.7063492063492064,0.7063492063492064,0.8
0.6,0.7324929971988795,0.7324929971988795,0.7324929971988795,0.8
0.6,0.7068160597572363,0.7068160597572363,0.7068160597572363,0.8
0.6,0.6129785247432307,0.6129785247432307,0.6129785247432307,0.8
0.6,0.713218122372723,0.713218122372723,0.713218122372723,0.8
0.6,0.719421101774043,0.719421101774043,0.719421101774043,0.8
0.6,0.73062558356676,0.73062558356676,0.73062558356676,0.8
0.6,0.7007469654528478,0.7007469654528478,0.7007469654528478,0.8
0.6,0.6218487394957983,0.6218487394957983,0.6218487394957983,0.8
0.6,0.6987389070527791,0.6987389070527791,0.6987389070527791,0.8
0.6,0.723622782446312,0.7236227824463118,0.7236227824463118,0.8
0.6,0.7376283846872084,0.7376283846872083,0.7376283846872083,0.8
0.6,0.7044817927170869,0.7044817927170869,0.7044817927170869,0.8
0.6,0.5919701213818861,0.5919701213818861,0.5919701213818861,0.8
0.6,0.7150864082204577,0.7150864082204578,0.7150864082204578,0.8
0.6,0.7198879551820728,0.7198879551820728,0.7198879551820728,1.0
0.6,0.7357609710550888,0.7357609710550888,0.7357609710550888,1.0
0.6,0.711484593837535,0.711484593837535,0.711484593837535,1.0
0.6,0.6031746031746031,0.6031746031746031,0.6031746031746031,1.0
0.6,0.7365716954694068,0.7365716954694068,0.7365716954694068,1.0
0.6,0.7147525676937441,0.7147525676937442,0.7147525676937442,1.0
0.6,0.7273576097105509,0.7273576097105509,0.7273576097105509,1.0
0.6,0.7096171802054155,0.7096171802054155,0.7096171802054155,1.0
0.6,0.626984126984127,0.626984126984127,0.626984126984127,1.0
0.6,0.7052779075198505,0.7052779075198505,0.7052779075198505,1.0
0.6,0.7175536881419234,0.7175536881419234,0.7175536881419234,1.0
0.6,0.715219421101774,0.715219421101774,0.715219421101774,1.0
0.6,0.7030812324929971,0.7030812324929971,0.7030812324929971,1.0
0.6,0.611577964519141,0.611577964519141,0.611577964519141,1.0
0.6,0.7076132648295189,0.7076132648295189,0.7076132648295189,1.0
0.6,0.7250233426704016,0.7250233426704015,0.7250233426704015,1.0
0.6,0.7184873949579833,0.7184873949579832,0.7184873949579832,1.0
0.6,0.7245564892623716,0.7245564892623716,0.7245564892623716,1.0
0.6,0.6199813258636788,0.6199813258636788,0.6199813258636788,1.0
0.6,0.7197571228397945,0.7197571228397945,0.7197571228397945,1.0
0.6,0.7058823529411765,0.7058823529411765,0.7058823529411765,1.0
0.6,0.7441643323996265,0.7441643323996265,0.7441643323996265,1.0
0.6,0.7147525676937441,0.7147525676937442,0.7147525676937442,1.0
0.6,0.5966386554621849,0.5966386554621849,0.5966386554621849,1.0
0.6,0.7244278374591312,0.7244278374591312,0.7244278374591312,1.0
0.8,0.046218487394957986,0.046218487394957986,0.046218487394957986,0
0.8,0.0480859010270775,0.0480859010270775,0.0480859010270775,0
0.8,0.06909430438842204,0.06909430438842204,0.06909430438842204,0
0.8,0.02287581699346405,0.02287581699346405,0.02287581699346405,0
0.8,0.10555815039701075,0.10555815039701075,0.10555815039701075,0
0.8,0.08309990662931839,0.08309990662931839,0.08309990662931839,0
0.8,0.14705882352941177,0.14705882352941177,0.14705882352941177,0
0.8,0.017740429505135387,0.017740429505135387,0.017740429505135387,0
0.8,0.06816059757236227,0.06816059757236227,0.06816059757236227,0
0.8,0.04016814572629612,0.04016814572629612,0.04016814572629612,0
0.8,0.038748832866479926,0.038748832866479926,0.038748832866479926,0
0.8,0.04855275443510738,0.04855275443510738,0.04855275443510738,0
0.8,0.05788982259570495,0.05788982259570495,0.05788982259570495,0
0.8,0.05929038281979458,0.05929038281979458,0.05929038281979458,0
0.8,0.04997664642690332,0.04997664642690332,0.04997664642690332,0
0.8,0.02661064425770308,0.02661064425770308,0.02661064425770308,0
0.8,0.012605042016806723,0.012605042016806723,0.012605042016806723,0
0.8,0.0765639589169001,0.0765639589169001,0.0765639589169001,0
0.8,0.029411764705882353,0.029411764705882353,0.029411764705882353,0
0.8,0.06258757589911257,0.06258757589911257,0.06258757589911257,0
0.8,0.014472455648926238,0.014472455648926238,0.014472455648926238,0
0.8,0.05788982259570495,0.05788982259570495,0.05788982259570495,0
0.8,0.04855275443510738,0.04855275443510738,0.04855275443510738,0
0.8,0.04201680672268908,0.04201680672268908,0.04201680672268908,0
0.8,0.07052779075198505,0.07052779075198505,0.07052779075198505,0
0.8,0.6363211951447245,0.6363211951447245,0.6363211951447245,0.2
0.8,0.6517273576097106,0.6517273576097106,0.6517273576097106,0.2
0.8,0.6190476190476191,0.6190476190476191,0.6190476190476191,0.2
0.8,0.5205415499533147,0.5205415499533147,0.5205415499533147,0.2
0.8,0.6510976179355441,0.6510976179355441,0.6510976179355441,0.2
0.8,0.6409897292250234,0.6409897292250234,0.6409897292250234,0.2
0.8,0.6260504201680672,0.6260504201680672,0.6260504201680672,0.2
0.8,0.6302521008403361,0.6302521008403361,0.6302521008403361,0.2
0.8,0.5294117647058824,0.5294117647058824,0.5294117647058824,0.2
0.8,0.6071929005137786,0.6071929005137786,0.6071929005137786,0.2
0.8,0.6400560224089635,0.6400560224089635,0.6400560224089635,0.2
0.8,0.646125116713352,0.646125116713352,0.646125116713352,0.2
0.8,0.6125116713352008,0.6125116713352008,0.6125116713352008,0.2
0.8,0.5238095238095238,0.5238095238095238,0.5238095238095238,0.2
0.8,0.6286781877627277,0.6286781877627277,0.6286781877627277,0.2
0.8,0.630718954248366,0.630718954248366,0.630718954248366,0.2
0.8,0.6535947712418301,0.6535947712418301,0.6535947712418301,0.2
0.8,0.6213818860877685,0.6213818860877685,0.6213818860877685,0.2
0.8,0.5294117647058824,0.5294117647058824,0.5294117647058824,0.2
0.8,0.6529659037832788,0.6529659037832788,0.6529659037832788,0.2
0.8,0.6325863678804855,0.6325863678804855,0.6325863678804855,0.2
0.8,0.642390289449113,0.642390289449113,0.642390289449113,0.2
0.8,0.6265172735760971,0.6265172735760971,0.6265172735760971,0.2
0.8,0.5172735760971056,0.5172735760971056,0.5172735760971056,0.2
0.8,0.6300794021485288,0.6300794021485288,0.6300794021485288,0.2
0.8,0.6867413632119514,0.6867413632119514,0.6867413632119514,0.4
0.8,0.6760037348272643,0.6760037348272643,0.6760037348272643,0.4
0.8,0.6718020541549953,0.6718020541549953,0.6718020541549953,0.4
0.8,0.5816993464052288,0.5816993464052288,0.5816993464052288,0.4
0.8,0.680056048575432,0.680056048575432,0.680056048575432,0.4
0.8,0.6820728291316527,0.6820728291316527,0.6820728291316527,0.4
0.8,0.6984126984126984,0.6984126984126984,0.6984126984126984,0.4
0.8,0.6521942110177404,0.6521942110177404,0.6521942110177404,0.4
0.8,0.5732959850606909,0.5732959850606909,0.5732959850606909,0.4
0.8,0.6697804764128912,0.6697804764128912,0.6697804764128912,0.4
0.8,0.6671335200746965,0.6671335200746965,0.6671335200746965,0.4
0.8,0.7021475256769374,0.7021475256769374,0.7021475256769374,0.4
0.8,0.6676003734827264,0.6676003734827264,0.6676003734827264,0.4
0.8,0.5756302521008403,0.5756302521008403,0.5756302521008403,0.4
0.8,0.6553012610929472,0.6553012610929472,0.6553012610929472,0.4
0.8,0.6937441643323996,0.6937441643323996,0.6937441643323996,0.4
0.8,0.6760037348272643,0.6760037348272643,0.6760037348272643,0.4
0.8,0.6900093370681606,0.6900093370681606,0.6900093370681606,0.4
0.8,0.5634920634920635,0.5634920634920635,0.5634920634920635,0.4
0.8,0.6837926202709015,0.6837926202709015,0.6837926202709015,0.4
0.8,0.6890756302521008,0.6890756302521008,0.6890756302521008,0.4
0.8,0.7026143790849673,0.7026143790849673,0.7026143790849673,0.4
0.8,0.6802054154995332,0.6802054154995332,0.6802054154995332,0.4
0.8,0.5681605975723623,0.5681605975723623,0.5681605975723623,0.4
0.8,0.6637085474077534,0.6637085474077534,0.6637085474077534,0.4
0.8,0.6942110177404295,0.6942110177404295,0.6942110177404295,0.6
0.8,0.6965452847805789,0.6965452847805789,0.6965452847805789,0.6
0.8,0.6970121381886087,0.6970121381886087,0.6970121381886087,0.6
0.8,0.5606909430438842,0.5606909430438842,0.5606909430438842,0.6
0.8,0.7020084072863149,0.7020084072863149,0.7020084072863149,0.6
0.8,0.7124183006535948,0.7124183006535948,0.7124183006535948,0.6
0.8,0.6867413632119514,0.6867413632119514,0.6867413632119514,0.6
0.8,0.7091503267973857,0.7091503267973857,0.7091503267973857,0.6
0.8,0.6041083099906629,0.6041083099906629,0.6041083099906629,0.6
0.8,0.6982718355908454,0.6982718355908454,0.6982718355908454,0.6
0.8,0.704014939309057,0.704014939309057,0.704014939309057,0.6
0.8,0.704014939309057,0.704014939309057,0.704014939309057,0.6
0.8,0.6951447245564892,0.6951447245564892,0.6951447245564892,0.6
0.8,0.5802987861811392,0.5802987861811392,0.5802987861811392,0.6
0.8,0.7122839794488557,0.7122839794488557,0.7122839794488557,0.6
0.8,0.6895424836601307,0.6895424836601307,0.6895424836601307,0.6
0.8,0.7184873949579833,0.7184873949579832,0.7184873949579832,0.6
0.8,0.6718020541549953,0.6718020541549953,0.6718020541549953,0.6
0.8,0.5933706816059757,0.5933706816059757,0.5933706816059757,0.6
0.8,0.6964035497431107,0.6964035497431107,0.6964035497431107,0.6
0.8,0.6862745098039216,0.6862745098039216,0.6862745098039216,0.6
0.8,0.7016806722689075,0.7016806722689075,0.7016806722689075,0.6
0.8,0.7049486461251168,0.7049486461251168,0.7049486461251168,0.6
0.8,0.5602240896358543,0.5602240896358543,0.5602240896358543,0.6
0.8,0.6903316207379729,0.6903316207379729,0.6903316207379729,0.6
0.8,0.719421101774043,0.719421101774043,0.719421101774043,0.8
0.8,0.734827264239029,0.734827264239029,0.734827264239029,0.8
0.8,0.718954248366013,0.7189542483660131,0.7189542483660131,0.8
0.8,0.6265172735760971,0.6265172735760971,0.6265172735760971,0.8
0.8,0.7076132648295189,0.7076132648295189,0.7076132648295189,0.8
0.8,0.7245564892623716,0.7245564892623716,0.7245564892623716,0.8
0.8,0.7222222222222222,0.7222222222222222,0.7222222222222222,0.8
0.8,0.7100840336134453,0.7100840336134454,0.7100840336134454,0.8
0.8,0.5989729225023342,0.5989729225023342,0.5989729225023342,0.8
0.8,0.6964035497431107,0.6964035497431107,0.6964035497431107,0.8
0.8,0.734827264239029,0.734827264239029,0.734827264239029,0.8
0.8,0.7208216619981326,0.7208216619981326,0.7208216619981326,0.8
0.8,0.7072829131652661,0.7072829131652661,0.7072829131652661,0.8
0.8,0.6255835667600373,0.6255835667600373,0.6255835667600373,0.8
0.8,0.713218122372723,0.713218122372723,0.713218122372723,0.8
0.8,0.6979458450046685,0.6979458450046685,0.6979458450046685,0.8
0.8,0.7390289449112979,0.7390289449112979,0.7390289449112979,0.8
0.8,0.7068160597572363,0.7068160597572363,0.7068160597572363,0.8
0.8,0.6097105508870215,0.6097105508870215,0.6097105508870215,0.8
0.8,0.6842596917328351,0.6842596917328351,0.6842596917328351,0.8
0.8,0.7320261437908496,0.7320261437908496,0.7320261437908496,0.8
0.8,0.7044817927170869,0.7044817927170869,0.7044817927170869,0.8
0.8,0.6988795518207283,0.6988795518207283,0.6988795518207283,0.8
0.8,0.6129785247432307,0.6129785247432307,0.6129785247432307,0.8
0.8,0.7150864082204577,0.7150864082204578,0.7150864082204578,0.8
0.8,0.7310924369747899,0.7310924369747899,0.7310924369747899,1.0
0.8,0.7180205415499533,0.7180205415499533,0.7180205415499533,1.0
0.8,0.7082166199813258,0.7082166199813259,0.7082166199813259,1.0
0.8,0.6097105508870215,0.6097105508870215,0.6097105508870215,1.0
0.8,0.7150864082204577,0.7150864082204578,0.7150864082204578,1.0
0.8,0.7329598506069093,0.7329598506069094,0.7329598506069094,1.0
0.8,0.7362278244631187,0.7362278244631186,0.7362278244631186,1.0
0.8,0.7128851540616246,0.7128851540616247,0.7128851540616247,1.0
0.8,0.6125116713352008,0.6125116713352008,0.6125116713352008,1.0
0.8,0.7216254086875293,0.7216254086875292,0.7216254086875292,1.0
0.8,0.734360410830999,0.734360410830999,0.734360410830999,1.0
0.8,0.7110177404295052,0.7110177404295052,0.7110177404295052,1.0
0.8,0.715219421101774,0.715219421101774,0.715219421101774,1.0
0.8,0.6078431372549019,0.6078431372549019,0.6078431372549019,1.0
0.8,0.7258290518449323,0.7258290518449323,0.7258290518449323,1.0
0.8,0.7208216619981326,0.7208216619981326,0.7208216619981326,1.0
0.8,0.7282913165266107,0.7282913165266106,0.7282913165266106,1.0
0.8,0.734360410830999,0.734360410830999,0.734360410830999,1.0
0.8,0.6190476190476191,0.6190476190476191,0.6190476190476191,1.0
0.8,0.7309668379262028,0.7309668379262028,0.7309668379262028,1.0
0.8,0.7324929971988795,0.7324929971988795,0.7324929971988795,1.0
0.8,0.7296918767507002,0.7296918767507002,0.7296918767507002,1.0
0.8,0.6881419234360411,0.6881419234360411,0.6881419234360411,1.0
0.8,0.6213818860877685,0.6213818860877685,0.6213818860877685,1.0
0.8,0.717421765530126,0.7174217655301262,0.7174217655301262,1.0
1.0,0.05182072829131653,0.05182072829131653,0.05182072829131653,0
1.0,0.03594771241830065,0.03594771241830065,0.03594771241830065,0
1.0,0.06209150326797386,0.06209150326797386,0.06209150326797386,0
1.0,0.034080298786181136,0.034080298786181136,0.034080298786181136,0
1.0,0.067725361980383,0.067725361980383,0.067725361980383,0
1.0,0.025676937441643323,0.025676937441643323,0.025676937441643323,0
1.0,0.0350140056022409,0.0350140056022409,0.0350140056022409,0
1.0,0.04715219421101774,0.04715219421101774,0.04715219421101774,0
1.0,0.05695611577964519,0.05695611577964519,0.05695611577964519,0
1.0,0.05698271835590845,0.05698271835590846,0.05698271835590846,0
1.0,0.01680672268907563,0.01680672268907563,0.01680672268907563,0
1.0,0.005135387488328665,0.005135387488328665,0.005135387488328665,0
1.0,0.0457516339869281,0.0457516339869281,0.0457516339869281,0
1.0,0.05368814192343604,0.05368814192343604,0.05368814192343604,0
1.0,0.015413358243811303,0.015413358243811303,0.015413358243811303,0
1.0,0.10037348272642391,0.10037348272642391,0.10037348272642391,0
1.0,0.04341736694677871,0.04341736694677871,0.04341736694677871,0
1.0,0.10457516339869281,0.10457516339869281,0.10457516339869281,0
1.0,0.035480859010270774,0.035480859010270774,0.035480859010270774,0
1.0,0.06912657636618402,0.06912657636618402,0.06912657636618402,0
1.0,0.06022408963585434,0.06022408963585434,0.06022408963585434,0
1.0,0.14239028944911297,0.14239028944911297,0.14239028944911297,0
1.0,0.09897292250233425,0.09897292250233426,0.09897292250233426,0
1.0,0.00980392156862745,0.00980392156862745,0.00980392156862745,0
1.0,0.0751985053713218,0.0751985053713218,0.0751985053713218,0
1.0,0.6372549019607843,0.6372549019607843,0.6372549019607843,0.2
1.0,0.6587301587301587,0.6587301587301587,0.6587301587301587,0.2
1.0,0.6209150326797386,0.6209150326797386,0.6209150326797386,0.2
1.0,0.5228758169934641,0.5228758169934641,0.5228758169934641,0.2
1.0,0.6403549743110696,0.6403549743110696,0.6403549743110696,0.2
1.0,0.6339869281045751,0.6339869281045751,0.6339869281045751,0.2
1.0,0.6339869281045751,0.6339869281045751,0.6339869281045751,0.2
1.0,0.6288515406162465,0.6288515406162465,0.6288515406162465,0.2
1.0,0.5214752567693745,0.5214752567693745,0.5214752567693745,0.2
1.0,0.6375525455394675,0.6375525455394675,0.6375525455394675,0.2
1.0,0.6517273576097106,0.6517273576097106,0.6517273576097106,0.2
1.0,0.6325863678804855,0.6325863678804855,0.6325863678804855,0.2
1.0,0.592436974789916,0.592436974789916,0.592436974789916,0.2
1.0,0.507469654528478,0.507469654528478,0.507469654528478,0.2
1.0,0.6422232601588043,0.6422232601588043,0.6422232601588043,0.2
1.0,0.6559290382819795,0.6559290382819795,0.6559290382819795,0.2
1.0,0.6479925303454716,0.6479925303454716,0.6479925303454716,0.2
1.0,0.65406162464986,0.65406162464986,0.65406162464986,0.2
1.0,0.5079365079365079,0.5079365079365079,0.5079365079365079,0.2
1.0,0.6380196170014012,0.6380196170014012,0.6380196170014012,0.2
1.0,0.6241830065359477,0.6241830065359477,0.6241830065359477,0.2
1.0,0.630718954248366,0.630718954248366,0.630718954248366,0.2
1.0,0.6260504201680672,0.6260504201680672,0.6260504201680672,0.2
1.0,0.5331465919701214,0.5331465919701214,0.5331465919701214,0.2
1.0,0.610929472209248,0.610929472209248,0.610929472209248,0.2
1.0,0.6853408029878618,0.6853408029878618,0.6853408029878618,0.4
1.0,0.7063492063492064,0.7063492063492064,0.7063492063492064,0.4
1.0,0.6792717086834734,0.6792717086834734,0.6792717086834734,0.4
1.0,0.5644257703081232,0.5644257703081232,0.5644257703081232,0.4
1.0,0.6730499766464269,0.6730499766464269,0.6730499766464269,0.4
1.0,0.6797385620915033,0.6797385620915033,0.6797385620915033,0.4
1.0,0.699813258636788,0.699813258636788,0.699813258636788,0.4
1.0,0.6760037348272643,0.6760037348272643,0.6760037348272643,0.4
1.0,0.5821661998132587,0.5821661998132587,0.5821661998132587,0.4
1.0,0.6562354040168146,0.6562354040168146,0.6562354040168146,0.4
1.0,0.6984126984126984,0.6984126984126984,0.6984126984126984,0.4
1.0,0.669000933706816,0.669000933706816,0.669000933706816,0.4
1.0,0.6867413632119514,0.6867413632119514,0.6867413632119514,0.4
1.0,0.5620915032679739,0.5620915032679739,0.5620915032679739,0.4
1.0,0.6777206912657636,0.6777206912657636,0.6777206912657636,0.4
1.0,0.6671335200746965,0.6671335200746965,0.6671335200746965,0.4
1.0,0.7142857142857143,0.7142857142857143,0.7142857142857143,0.4
1.0,0.6816059757236228,0.6816059757236228,0.6816059757236228,0.4
1.0,0.5756302521008403,0.5756302521008403,0.5756302521008403,0.4
1.0,0.6870621205044372,0.6870621205044372,0.6870621205044372,0.4
1.0,0.6904761904761905,0.6904761904761905,0.6904761904761905,0.4
1.0,0.6881419234360411,0.6881419234360411,0.6881419234360411,0.4
1.0,0.626984126984127,0.626984126984127,0.626984126984127,0.4
1.0,0.5704948646125116,0.5704948646125116,0.5704948646125116,0.4
1.0,0.6721158337225596,0.6721158337225596,0.6721158337225596,0.4
1.0,0.7063492063492064,0.7063492063492064,0.7063492063492064,0.6
1.0,0.715219421101774,0.715219421101774,0.715219421101774,0.6
1.0,0.6918767507002801,0.6918767507002801,0.6918767507002801,0.6
1.0,0.5816993464052288,0.5816993464052288,0.5816993464052288,0.6
1.0,0.6767865483418963,0.6767865483418963,0.6767865483418963,0.6
1.0,0.7147525676937441,0.7147525676937442,0.7147525676937442,0.6
1.0,0.7264239028944911,0.7264239028944911,0.7264239028944911,0.6
1.0,0.6979458450046685,0.6979458450046685,0.6979458450046685,0.6
1.0,0.5896358543417367,0.5896358543417367,0.5896358543417367,0.6
1.0,0.7043437645959831,0.7043437645959831,0.7043437645959831,0.6
1.0,0.7203548085901027,0.7203548085901027,0.7203548085901027,0.6
1.0,0.7142857142857143,0.7142857142857143,0.7142857142857143,0.6
1.0,0.7035480859010271,0.7035480859010271,0.7035480859010271,0.6
1.0,0.5915032679738562,0.5915032679738562,0.5915032679738562,0.6
1.0,0.6978047641289117,0.6978047641289117,0.6978047641289117,0.6
1.0,0.7147525676937441,0.7147525676937442,0.7147525676937442,0.6
1.0,0.7287581699346405,0.7287581699346405,0.7287581699346405,0.6
1.0,0.6914098972922502,0.6914098972922502,0.6914098972922502,0.6
1.0,0.6097105508870215,0.6097105508870215,0.6097105508870215,0.6
1.0,0.6987389070527791,0.6987389070527791,0.6987389070527791,0.6
1.0,0.6909430438842203,0.6909430438842203,0.6909430438842203,0.6
1.0,0.7100840336134453,0.7100840336134454,0.7100840336134454,0.6
1.0,0.6956115779645191,0.6956115779645191,0.6956115779645191,0.6
1.0,0.5840336134453782,0.5840336134453782,0.5840336134453782,0.6
1.0,0.6950023353573097,0.6950023353573097,0.6950023353573097,0.6
1.0,0.7175536881419234,0.7175536881419234,0.7175536881419234,0.8
1.0,0.738562091503268,0.738562091503268,0.738562091503268,0.8
1.0,0.6858076563958917,0.6858076563958917,0.6858076563958917,0.8
1.0,0.6111111111111112,0.6111111111111112,0.6111111111111112,0.8
1.0,0.7197571228397945,0.7197571228397945,0.7197571228397945,0.8
1.0,0.7091503267973857,0.7091503267973857,0.7091503267973857,0.8
1.0,0.7301587301587301,0.7301587301587301,0.7301587301587301,0.8
1.0,0.676937441643324,0.676937441643324,0.676937441643324,0.8
1.0,0.5957049486461251,0.5957049486461251,0.5957049486461251,0.8
1.0,0.7197571228397945,0.7197571228397945,0.7197571228397945,0.8
1.0,0.7086834733893558,0.7086834733893558,0.7086834733893558,0.8
1.0,0.7203548085901027,0.7203548085901027,0.7203548085901027,0.8
1.0,0.7021475256769374,0.7021475256769374,0.7021475256769374,0.8
1.0,0.6013071895424836,0.6013071895424836,0.6013071895424836,0.8
1.0,0.7178888369920597,0.7178888369920597,0.7178888369920597,0.8
1.0,0.7049486461251168,0.7049486461251168,0.7049486461251168,0.8
1.0,0.7110177404295052,0.7110177404295052,0.7110177404295052,0.8
1.0,0.7161531279178339,0.7161531279178338,0.7161531279178338,0.8
1.0,0.6157796451914099,0.6157796451914099,0.6157796451914099,0.8
1.0,0.7202241943017281,0.7202241943017281,0.7202241943017281,0.8
1.0,0.7310924369747899,0.7310924369747899,0.7310924369747899,0.8
1.0,0.7287581699346405,0.7287581699346405,0.7287581699346405,0.8
1.0,0.7212885154061625,0.7212885154061625,0.7212885154061625,0.8
1.0,0.6101774042950514,0.6101774042950514,0.6101774042950514,0.8
1.0,0.6861279775805699,0.6861279775805699,0.6861279775805699,0.8
1.0,0.7380952380952381,0.7380952380952381,0.7380952380952381,1.0
1.0,0.7329598506069093,0.7329598506069094,0.7329598506069094,1.0
1.0,0.7026143790849673,0.7026143790849673,0.7026143790849673,1.0
1.0,0.6157796451914099,0.6157796451914099,0.6157796451914099,1.0
1.0,0.7253619803829986,0.7253619803829986,0.7253619803829986,1.0
1.0,0.735294117647059,0.7352941176470589,0.7352941176470589,1.0
1.0,0.73062558356676,0.73062558356676,0.73062558356676,1.0
1.0,0.7105508870214752,0.7105508870214753,0.7105508870214753,1.0
1.0,0.5938375350140056,0.5938375350140056,0.5938375350140056,1.0
1.0,0.7108827650630547,0.7108827650630547,0.7108827650630547,1.0
1.0,0.7338935574229691,0.7338935574229691,0.7338935574229691,1.0
1.0,0.7324929971988795,0.7324929971988795,0.7324929971988795,1.0
1.0,0.715219421101774,0.715219421101774,0.715219421101774,1.0
1.0,0.611577964519141,0.611577964519141,0.611577964519141,1.0
1.0,0.7178888369920597,0.7178888369920597,0.7178888369920597,1.0
1.0,0.7133520074696547,0.7133520074696545,0.7133520074696545,1.0
1.0,0.7301587301587301,0.7301587301587301,0.7301587301587301,1.0
1.0,0.718954248366013,0.7189542483660131,0.7189542483660131,1.0
1.0,0.6017740429505135,0.6017740429505135,0.6017740429505135,1.0
1.0,0.7136851938346567,0.7136851938346567,0.7136851938346567,1.0
1.0,0.7124183006535948,0.7124183006535948,0.7124183006535948,1.0
1.0,0.7254901960784313,0.7254901960784313,0.7254901960784313,1.0
1.0,0.7058823529411765,0.7058823529411765,0.7058823529411765,1.0
1.0,0.5905695611577965,0.5905695611577965,0.5905695611577965,1.0
1.0,0.7197571228397945,0.7197571228397945,0.7197571228397945,1.0
